0;0;0;0;land;false;unknown;0
1;163;205;196;land;true;forest;1
2;211;70;239;land;false;plains;1
3;178;154;200;land;false;plains;1
4;221;174;151;land;false;mountain;1
5;209;138;178;land;false;plains;1
6;136;197;239;land;false;plains;1
7;235;118;205;land;false;hills;1
8;164;186;191;land;false;plains;1
9;211;151;186;land;true;hills;1
10;239;62;244;land;false;plains;1
11;97;228;198;land;true;urban;1
12;168;209;244;land;false;plains;1
13;208;220;74;land;false;plains;1
14;151;174;251;land;false;desert;1
15;174;213;226;land;false;hills;1
16;184;233;141;land;false;plains;1
17;227;211;68;land;false;marsh;1
18;225;242;50;land;true;plains;1
19;186;247;220;land;false;forest;1
20;171;238;178;land;false;mountain;1
21;245;240;154;land;false;mountain;1
22;26;231;246;land;false;plains;1
23;158;235;182;land;false;mountain;1
24;230;222;203;land;false;plains;1
25;220;194;223;land;false;mountain;1
26;135;169;212;land;true;urban;1
27;56;242;205;land;true;plains;1
28;75;250;191;land;true;plains;1
29;252;68;218;land;false;forest;1
30;72;247;202;land;false;forest;1
31;194;237;173;land;false;mountain;1
32;216;153;135;land;true;desert;1
33;239;99;173;land;false;plains;1
34;195;137;213;land;false;plains;1
35;241;210;51;land;false;mountain;1
36;242;193;233;land;false;plains;1
37;251;162;145;land;true;mountain;1
38;119;238;247;land;true;forest;1
39;101;245;188;land;false;plains;1
40;183;121;251;land;true;plains;1
41;142;232;130;land;false;plains;1
42;217;133;204;land;false;plains;1
43;200;199;208;land;false;forest;1
44;231;204;162;land;true;urban;1
45;176;177;156;land;false;mountain;1
46;143;247;143;land;true;urban;1
47;191;121;248;land;true;plains;1
48;232;45;241;land;true;hills;1
49;123;242;205;land;true;hills;1
50;234;50;249;land;true;plains;1
51;186;203;217;land;false;forest;1
52;117;198;249;land;true;mountain;1
53;243;33;249;land;false;forest;1
54;230;72;229;land;false;plains;1
55;240;134;128;land;false;mountain;1
56;105;199;239;land;true;forest;1
57;176;128;226;land;true;mountain;1
58;241;197;72;land;false;mountain;1
59;218;173;197;land;false;hills;1
60;116;190;245;land;true;plains;1
61;92;181;232;land;false;hills;1
62;235;227;158;land;true;mountain;1
63;134;240;219;land;false;plains;1
64;239;120;199;land;true;forest;1
65;180;164;164;land;false;hills;1
66;171;187;200;land;true;plains;1
67;225;189;89;land;false;plains;1
68;249;202;150;land;false;hills;1
69;191;172;226;land;false;plains;1
70;222;139;199;land;false;mountain;1
71;240;181;182;land;false;forest;1
72;205;183;162;land;false;plains;1
73;147;185;237;land;false;mountain;1
74;157;218;170;land;false;desert;1
75;233;84;208;land;false;plains;1
76;249;220;227;land;false;mountain;1
77;236;242;110;land;false;forest;1
78;240;91;218;land;false;mountain;1
79;176;215;117;land;true;forest;1
80;247;23;240;land;false;mountain;1
81;207;191;228;land;false;plains;1
82;254;185;153;land;false;plains;1
83;206;199;182;land;true;marsh;1
84;236;240;142;land;false;mountain;1
85;136;184;219;land;true;marsh;1
86;212;230;66;land;true;mountain;1
87;223;105;180;land;false;plains;1
88;247;121;234;land;false;plains;1
89;161;225;241;land;false;forest;1
90;131;210;191;land;false;hills;1
91;104;167;244;land;true;plains;1
92;211;209;102;land;false;plains;1
93;227;252;148;land;true;marsh;1
94;201;85;249;land;false;plains;1
95;59;247;201;land;false;desert;1
96;241;237;242;land;true;urban;1
97;66;233;252;land;false;plains;1
98;200;228;194;land;false;mountain;1
99;194;148;203;land;true;desert;1
100;191;164;146;land;false;mountain;1
101;233;189;224;land;true;marsh;1
102;138;205;194;land;false;hills;1
103;220;182;195;land;true;urban;1
104;110;211;207;land;false;mountain;1
105;181;95;230;land;false;plains;1
106;195;205;115;land;false;plains;1
107;173;164;195;land;false;plains;1
108;218;157;214;land;false;mountain;1
109;169;213;183;land;false;desert;1
110;174;178;201;land;false;plains;1
111;100;240;231;land;false;mountain;1
112;231;152;229;land;true;urban;1
113;49;238;214;land;false;desert;1
114;243;198;65;land;false;mountain;1
115;195;221;254;land;true;plains;1
116;182;78;251;land;true;marsh;1
117;118;153;232;land;false;mountain;1
118;214;134;174;land;false;mountain;1
119;196;200;173;land;false;forest;1
120;236;165;179;land;true;urban;1
121;244;182;188;land;false;mountain;1
122;217;184;233;land;false;plains;1
123;252;221;247;land;false;forest;1
124;211;102;204;land;true;mountain;1
125;247;37;247;land;false;plains;1
126;191;94;229;land;false;plains;1
127;153;116;235;land;true;urban;1
128;234;148;191;land;false;forest;1
129;141;229;145;land;true;marsh;1
130;232;24;253;land;false;hills;1
131;162;218;223;land;false;hills;1
132;135;236;221;land;true;mountain;1
133;184;213;188;land;false;plains;1
134;171;149;248;land;false;plains;1
135;144;108;254;land;true;forest;1
136;252;227;217;land;false;plains;1
137;223;154;209;land;false;mountain;1
138;211;173;223;land;false;hills;1
139;162;157;201;land;false;hills;1
140;150;245;183;land;true;desert;1
141;125;158;246;land;false;forest;1
142;249;162;182;land;false;mountain;1
143;154;207;233;land;false;plains;1
144;216;251;145;land;false;forest;1
145;237;160;254;land;false;mountain;1
146;254;208;73;land;false;mountain;1
147;175;153;193;land;false;mountain;1
148;150;117;238;land;false;mountain;1
149;123;190;208;land;false;mountain;1
150;228;189;192;land;true;plains;1
151;211;97;219;land;false;plains;1
152;213;180;124;land;false;hills;1
153;153;247;129;land;false;desert;1
154;160;220;130;land;false;plains;1
155;250;246;88;land;true;forest;1
156;174;178;238;land;false;marsh;1
157;212;204;154;land;true;urban;1
158;188;220;126;land;false;mountain;1
159;182;140;240;land;true;marsh;1
160;247;176;99;land;false;mountain;1
161;238;84;188;land;false;plains;1
162;228;202;165;land;false;plains;1
163;158;186;189;land;true;marsh;1
164;229;156;246;land;false;mountain;1
165;222;100;187;land;false;marsh;1
166;190;181;152;land;true;urban;1
167;130;163;236;land;false;hills;1
168;245;193;250;land;false;mountain;1
169;115;250;234;land;true;urban;1
170;220;201;118;land;true;forest;1
171;86;249;250;land;false;forest;1
172;82;237;227;land;false;forest;1
173;235;250;58;land;true;urban;1
174;222;214;183;land;false;plains;1
175;123;235;198;land;true;forest;1
176;239;191;80;land;true;marsh;1
177;212;116;180;land;true;hills;1
178;241;239;154;land;false;plains;1
179;216;215;84;land;false;mountain;1
180;218;102;189;land;true;forest;1
181;103;187;220;land;true;mountain;1
182;183;152;250;land;false;hills;1
183;217;86;247;land;false;mountain;1
184;239;193;105;land;true;marsh;1
185;131;172;204;land;true;urban;1
186;107;226;244;land;true;marsh;1
187;207;122;197;land;true;plains;1
188;214;146;236;land;true;forest;1
189;249;238;112;land;false;plains;1
190;233;230;200;land;false;plains;1
191;77;240;188;land;true;forest;1
192;169;213;207;land;false;hills;1
193;233;123;216;land;false;hills;1
194;234;96;186;land;false;hills;1
195;138;191;227;land;true;marsh;1
196;124;222;172;land;false;plains;1
197;225;143;195;land;false;plains;1
198;150;212;243;land;true;urban;1
199;230;209;140;land;false;mountain;1
200;49;236;221;land;false;plains;1
201;173;233;114;land;true;marsh;1
202;231;244;221;land;true;forest;1
203;229;64;211;land;false;mountain;1
204;186;163;240;land;true;plains;1
205;254;75;248;land;false;mountain;1
206;214;226;240;land;true;plains;1
207;172;230;186;land;true;plains;1
208;241;195;81;land;false;plains;1
209;176;167;220;land;false;hills;1
210;107;221;178;land;false;hills;1
211;247;91;226;land;false;forest;1
212;245;218;155;land;false;plains;1
213;181;139;198;land;true;urban;1
214;85;217;247;land;true;marsh;1
215;223;245;135;land;false;mountain;1
216;211;213;223;land;false;mountain;1
217;216;234;162;land;false;marsh;1
218;232;80;223;land;false;forest;1
219;235;221;196;land;false;plains;1
220;224;56;230;land;false;forest;1
221;56;239;250;land;false;mountain;1
222;198;204;143;land;false;mountain;1
223;233;130;191;land;false;plains;1
224;173;223;160;land;true;forest;1
225;243;218;111;land;false;forest;1
226;249;218;252;land;false;plains;1
227;77;198;235;land;false;marsh;1
228;217;108;198;land;false;forest;1
229;172;166;179;land;false;mountain;1
230;165;252;98;land;false;forest;1
231;106;235;237;land;false;forest;1
232;214;107;239;land;false;plains;1
233;183;217;136;land;false;plains;1
234;211;184;168;land;false;plains;1
235;156;207;234;land;false;mountain;1
236;253;188;96;land;false;desert;1
237;178;245;206;land;false;plains;1
238;234;136;181;land;false;forest;1
239;186;210;156;land;false;hills;1
240;242;176;243;land;false;forest;1
241;115;184;242;land;true;marsh;1
242;238;129;232;land;false;forest;1
243;241;167;107;land;true;urban;1
244;242;137;129;land;true;marsh;1
245;231;241;116;land;true;forest;1
246;247;196;195;land;false;marsh;1
247;252;117;242;land;true;plains;1
248;206;103;220;land;false;hills;1
249;163;200;179;land;true;plains;1
250;167;238;147;land;false;marsh;1
251;250;131;138;land;true;urban;1
252;247;227;174;land;false;marsh;1
253;177;225;248;land;true;plains;1
254;176;253;163;land;false;desert;1
255;121;155;225;land;true;urban;1
256;225;212;117;land;true;hills;1
257;131;176;234;land;false;plains;1
258;237;157;193;land;false;mountain;1
259;141;186;192;land;true;plains;1
260;189;121;211;land;false;forest;1
261;113;202;219;land;true;plains;1
262;166;178;214;land;true;plains;1
263;160;226;240;land;false;plains;1
264;237;40;227;land;true;urban;1
265;168;253;162;land;false;marsh;1
266;72;220;244;land;false;plains;1
267;184;115;228;land;true;plains;1
268;243;214;127;land;true;mountain;1
269;140;189;208;land;false;plains;1
270;180;249;222;land;true;marsh;1
271;180;219;165;land;true;marsh;1
272;208;206;109;land;false;marsh;1
273;114;220;199;land;false;mountain;1
274;195;250;184;land;false;hills;1
275;195;254;169;land;false;hills;1
276;157;196;250;land;false;mountain;1
277;201;217;150;land;false;forest;1
278;250;142;192;land;false;marsh;1
279;231;80;233;land;false;mountain;1
280;206;149;229;land;false;plains;1
281;125;250;192;land;true;plains;1
282;231;214;126;land;false;mountain;1
283;238;103;176;land;false;plains;1
284;243;233;83;land;false;plains;1
285;240;180;207;land;false;plains;1
286;165;223;137;land;false;plains;1
287;105;240;156;land;false;plains;1
288;156;129;220;land;false;plains;1
289;179;226;151;land;false;hills;1
290;161;254;252;land;true;hills;1
291;144;219;236;land;false;forest;1
292;251;102;226;land;false;mountain;1
293;166;246;190;land;false;plains;1
294;223;212;131;land;true;forest;1
295;188;213;197;land;true;mountain;1
296;219;253;87;land;false;hills;1
297;204;95;254;land;false;mountain;1
298;243;155;135;land;false;mountain;1
299;241;135;162;land;true;plains;1
300;184;156;239;land;true;forest;1
301;249;54;242;land;true;urban;1
302;150;254;169;land;false;plains;1
303;234;250;165;land;false;marsh;1
304;239;244;120;land;false;plains;1
305;83;236;247;land;false;plains;1
306;201;178;210;land;false;plains;1
307;244;200;240;land;false;mountain;1
308;166;234;238;land;true;forest;1
309;201;210;143;land;false;forest;1
310;246;145;158;land;true;plains;1
311;165;242;169;land;false;mountain;1
312;111;204;234;land;false;hills;1
313;240;240;200;land;false;mountain;1
314;139;231;234;land;false;plains;1
315;205;144;184;land;false;mountain;1
316;218;223;129;land;false;mountain;1
317;219;96;189;land;false;plains;1
318;192;211;205;land;true;marsh;1
319;176;155;207;land;false;plains;1
320;208;180;173;land;false;marsh;1
321;184;254;110;land;false;plains;1
322;74;226;225;land;false;plains;1
323;181;190;134;land;false;marsh;1
324;231;190;239;land;true;urban;1
325;122;186;254;land;false;hills;1
326;228;230;63;land;true;hills;1
327;94;229;234;land;false;forest;1
328;232;103;203;land;true;urban;1
329;120;204;190;land;true;marsh;1
330;212;218;90;land;false;plains;1
331;227;184;251;land;false;forest;1
332;199;238;97;land;false;mountain;1
333;171;160;170;land;true;mountain;1
334;229;205;178;land;false;desert;1
335;160;219;133;land;true;forest;1
336;227;123;201;land;true;urban;1
337;161;227;234;land;false;mountain;1
338;127;198;182;land;false;mountain;1
339;232;207;91;land;false;desert;1
340;161;229;184;land;true;urban;1
341;245;67;248;land;true;urban;1
342;235;158;209;land;false;hills;1
343;163;175;196;land;false;plains;1
344;217;69;226;land;false;plains;1
345;199;232;191;land;false;forest;1
346;230;229;90;land;false;hills;1
347;72;235;209;land;false;plains;1
348;187;199;154;land;false;plains;1
349;32;235;240;land;false;plains;1
350;157;199;218;land;false;mountain;1
351;200;250;89;land;false;forest;1
352;167;205;154;land;false;plains;1
353;254;182;102;land;false;forest;1
354;168;104;242;land;false;mountain;1
355;247;195;118;land;true;plains;1
356;247;145;215;land;true;mountain;1
357;214;140;240;land;false;mountain;1
358;242;158;141;land;true;desert;1
359;137;239;247;land;false;hills;1
360;238;219;141;land;true;marsh;1
361;191;222;198;land;true;mountain;1
362;225;247;66;land;true;plains;1
363;234;180;230;land;false;mountain;1
364;247;71;188;land;false;forest;1
365;224;241;156;land;false;hills;1
366;194;227;181;land;false;mountain;1
367;94;253;187;land;false;mountain;1
368;253;214;167;land;false;mountain;1
369;156;172;196;land;true;marsh;1
370;252;133;222;land;true;forest;1
371;230;230;222;land;true;urban;1
372;195;115;251;land;true;desert;1
373;241;205;232;land;false;forest;1
374;138;226;227;land;true;plains;1
375;174;168;179;land;false;plains;1
376;225;237;78;land;true;mountain;1
377;240;103;230;land;false;plains;1
378;213;178;236;land;true;marsh;1
379;192;84;250;land;true;marsh;1
380;111;228;174;land;false;marsh;1
381;177;180;242;land;true;marsh;1
382;135;155;222;land;false;plains;1
383;90;224;203;land;true;plains;1
384;183;224;131;land;false;hills;1
385;110;241;175;land;false;plains;1
386;234;78;217;land;true;urban;1
387;253;140;224;land;false;mountain;1
388;164;234;214;land;false;mountain;1
389;143;129;251;land;false;marsh;1
390;182;144;195;land;false;hills;1
391;166;251;224;land;false;mountain;1
392;230;234;125;land;true;hills;1
393;244;218;55;land;false;mountain;1
394;238;169;175;land;false;mountain;1
395;249;145;119;land;false;hills;1
396;167;144;247;land;false;mountain;1
397;95;198;212;land;false;hills;1
398;234;137;241;land;false;desert;1
399;145;195;205;land;false;plains;1
400;104;217;186;land;false;plains;1
401;196;114;197;land;false;plains;1
402;198;228;172;land;false;mountain;1
403;221;125;185;land;false;forest;1
404;231;220;64;land;true;mountain;1
405;74;218;241;land;false;plains;1
406;254;141;167;land;false;mountain;1
407;213;228;133;land;false;mountain;1
408;139;241;205;land;true;forest;1
409;187;130;230;land;false;plains;1
410;249;143;118;land;false;plains;1
411;196;240;90;land;false;forest;1
412;254;132;127;land;false;hills;1
413;174;162;231;land;false;mountain;1
414;218;209;107;land;false;plains;1
415;199;228;115;land;true;hills;1
416;236;64;236;land;false;forest;1
417;247;92;194;land;false;forest;1
418;224;86;250;land;false;forest;1
419;231;178;155;land;false;forest;1
420;115;180;213;land;true;plains;1
421;133;249;187;land;false;forest;1
422;186;154;243;land;false;plains;1
423;188;238;130;land;false;mountain;1
424;200;243;173;land;true;forest;1
425;187;92;244;land;false;forest;1
426;240;145;245;land;true;plains;1
427;183;216;248;land;false;plains;1
428;206;156;172;land;false;hills;1
429;176;195;228;land;true;mountain;1
430;236;239;191;land;true;urban;1
431;244;136;129;land;true;mountain;1
432;196;142;224;land;true;urban;1
433;87;9;1;sea;false;ocean;0
434;21;33;22;sea;false;ocean;0
435;25;47;22;sea;false;ocean;0
436;67;26;6;sea;false;ocean;0
437;50;13;24;sea;false;ocean;0
438;17;37;40;sea;false;ocean;0
439;18;18;39;sea;false;ocean;0
440;0;33;39;sea;false;ocean;0
441;29;34;0;sea;false;ocean;0
442;11;28;12;sea;false;ocean;0
443;60;27;8;sea;false;ocean;0
444;24;28;19;sea;false;ocean;0
445;3;13;12;sea;false;ocean;0
446;2;39;54;sea;false;ocean;0
447;77;1;17;sea;false;ocean;0
448;13;52;27;sea;false;ocean;0
449;3;14;70;sea;false;ocean;0
450;5;40;27;sea;false;ocean;0
451;16;28;5;sea;false;ocean;0
452;15;27;3;sea;false;ocean;0
453;49;37;7;sea;false;ocean;0
454;24;11;2;sea;false;ocean;0
455;44;35;3;sea;false;ocean;0
456;15;58;1;sea;false;ocean;0
457;7;17;8;sea;false;ocean;0
458;10;31;35;sea;false;ocean;0
459;5;37;21;sea;false;ocean;0
460;2;42;37;sea;false;ocean;0
461;25;11;8;sea;false;ocean;0
462;68;5;2;sea;false;ocean;0
463;14;5;23;sea;false;ocean;0
464;18;27;10;sea;false;ocean;0
465;64;9;1;sea;false;ocean;0
466;55;4;35;sea;false;ocean;0
467;42;19;14;sea;false;ocean;0
468;13;40;22;sea;false;ocean;0
469;37;26;18;sea;false;ocean;0
470;0;39;1;sea;false;ocean;0
471;10;2;85;sea;true;ocean;0
472;46;14;35;sea;false;ocean;0
473;23;14;0;sea;false;ocean;0
474;61;23;9;sea;false;ocean;0
475;18;34;8;sea;true;ocean;0
476;41;36;8;sea;true;ocean;0
477;42;50;6;sea;false;ocean;0
478;4;77;10;sea;false;ocean;0
479;21;59;13;sea;false;ocean;0
480;32;16;6;sea;false;ocean;0
481;31;20;18;sea;false;ocean;0
482;4;13;72;sea;false;ocean;0
483;22;42;0;sea;false;ocean;0
484;20;24;11;sea;false;ocean;0
485;3;19;4;sea;false;ocean;0
486;22;4;71;sea;false;ocean;0
487;15;12;59;sea;false;ocean;0
488;49;23;12;sea;false;ocean;0
489;18;6;15;sea;false;ocean;0
490;25;47;24;sea;false;ocean;0
491;4;21;25;sea;false;ocean;0
492;30;34;1;sea;false;ocean;0
493;40;9;12;sea;false;ocean;0
494;24;47;19;sea;false;ocean;0
495;18;26;11;sea;true;ocean;0
496;38;21;34;sea;false;ocean;0
497;3;46;8;sea;false;ocean;0
498;26;4;69;sea;true;ocean;0
499;19;40;22;sea;false;ocean;0
500;1;21;76;sea;false;ocean;0
501;46;30;1;sea;false;ocean;0
502;2;23;26;sea;false;ocean;0
503;9;33;49;sea;false;ocean;0
504;42;4;24;sea;false;ocean;0
505;19;43;34;sea;false;ocean;0
506;44;9;28;sea;false;ocean;0
507;1;9;76;sea;false;ocean;0
508;14;19;28;sea;false;ocean;0
509;7;25;26;sea;false;ocean;0
510;49;9;39;sea;false;ocean;0
511;15;18;3;sea;false;ocean;0
512;43;2;26;sea;false;ocean;0
513;44;26;23;sea;false;ocean;0
514;5;42;16;sea;false;ocean;0
515;10;16;33;sea;false;ocean;0
516;30;9;38;sea;false;ocean;0
517;41;39;6;sea;false;ocean;0
518;22;64;8;sea;false;ocean;0
519;42;34;3;sea;false;ocean;0
520;21;49;23;sea;false;ocean;0
521;14;1;62;sea;false;ocean;0
522;22;32;13;sea;false;ocean;0
523;36;32;27;sea;false;ocean;0
524;45;22;28;sea;false;ocean;0
525;0;9;21;sea;false;ocean;0
526;17;13;64;sea;false;ocean;0
527;42;33;12;sea;false;ocean;0
528;31;17;0;sea;false;ocean;0
529;22;28;14;sea;false;ocean;0
530;8;47;5;sea;true;ocean;0
531;43;37;13;sea;false;ocean;0
532;26;11;21;sea;false;ocean;0
533;9;27;4;sea;false;ocean;0
534;10;71;5;sea;false;ocean;0
535;0;25;58;sea;false;ocean;0
536;2;20;71;sea;false;ocean;0
537;32;1;64;sea;false;ocean;0
538;39;12;37;sea;false;ocean;0
539;29;12;15;sea;false;ocean;0
540;14;69;8;sea;false;ocean;0
541;47;11;38;sea;false;ocean;0
542;43;36;12;sea;false;ocean;0
543;41;36;21;sea;false;ocean;0
544;49;4;44;sea;false;ocean;0
545;41;19;14;sea;false;ocean;0
546;32;24;11;sea;false;ocean;0
547;38;17;41;sea;false;ocean;0
548;29;3;29;sea;false;ocean;0
549;51;16;12;sea;false;ocean;0
550;16;36;13;sea;false;ocean;0
551;55;1;25;sea;false;ocean;0
552;3;67;29;sea;false;ocean;0
553;1;57;22;sea;false;ocean;0
554;15;23;16;sea;false;ocean;0
555;1;10;84;sea;false;ocean;0
556;11;26;6;sea;false;ocean;0
557;86;9;1;sea;false;ocean;0
558;8;7;63;sea;false;ocean;0
559;29;16;25;sea;false;ocean;0
560;5;19;2;sea;false;ocean;0
561;0;11;31;sea;false;ocean;0
562;10;11;6;sea;false;ocean;0
563;43;47;7;sea;false;ocean;0
564;37;12;23;sea;false;ocean;0
565;5;9;19;sea;false;ocean;0
566;23;48;23;sea;false;ocean;0
567;3;18;38;sea;false;ocean;0
568;21;0;72;sea;false;ocean;0
569;32;38;13;sea;false;ocean;0
570;29;40;5;sea;false;ocean;0
571;15;13;52;sea;false;ocean;0
572;2;42;28;sea;false;ocean;0
573;1;42;16;sea;false;ocean;0
574;1;20;57;sea;false;ocean;0
575;17;12;55;sea;false;ocean;0
576;38;36;0;sea;false;ocean;0
577;40;24;29;sea;false;ocean;0
578;1;44;50;sea;false;ocean;0
579;2;33;43;sea;false;ocean;0
580;1;5;54;sea;false;ocean;0
581;9;4;29;sea;false;ocean;0
582;13;20;51;sea;false;ocean;0
583;14;60;15;sea;false;ocean;0
584;0;4;35;sea;false;ocean;0
585;36;17;45;sea;false;ocean;0
586;22;4;36;sea;false;ocean;0
587;69;1;17;sea;false;ocean;0
588;34;32;5;sea;false;ocean;0
589;87;1;8;sea;false;ocean;0
590;46;8;22;sea;false;ocean;0
591;7;86;0;sea;false;ocean;0
592;41;24;32;sea;false;ocean;0
593;39;17;2;sea;false;ocean;0
594;54;0;45;sea;false;ocean;0
595;22;43;4;sea;false;ocean;0
596;37;22;34;sea;false;ocean;0
597;50;12;10;sea;false;ocean;0
598;45;31;20;sea;false;ocean;0
599;8;12;31;sea;false;ocean;0
600;6;1;1;sea;false;ocean;0
601;6;4;71;sea;false;ocean;0
602;1;12;8;sea;false;ocean;0
603;1;35;35;sea;false;ocean;0
604;18;1;18;sea;false;ocean;0
605;47;21;8;sea;false;ocean;0
606;54;32;10;sea;true;ocean;0
607;2;78;9;sea;false;ocean;0
608;76;9;10;sea;false;ocean;0
609;56;14;26;sea;false;ocean;0
610;49;23;24;sea;false;ocean;0
611;45;28;15;sea;false;ocean;0
612;12;52;20;sea;false;ocean;0
613;24;6;34;sea;false;ocean;0
614;36;28;3;sea;true;ocean;0
615;34;1;2;sea;false;ocean;0
616;4;29;41;sea;false;ocean;0
617;17;38;35;sea;false;ocean;0
618;66;1;14;sea;false;ocean;0
619;49;4;32;sea;false;ocean;0
620;28;27;22;sea;false;ocean;0
621;11;18;55;sea;false;ocean;0
622;4;9;25;sea;false;ocean;0
623;52;32;2;sea;false;ocean;0
624;24;29;17;sea;false;ocean;0
625;61;3;8;sea;false;ocean;0
626;1;22;56;sea;false;ocean;0
627;31;12;36;sea;false;ocean;0
628;22;17;9;sea;false;ocean;0
629;7;42;32;sea;false;ocean;0
630;6;27;56;sea;false;ocean;0
631;5;3;56;sea;false;ocean;0
632;25;40;23;sea;false;ocean;0
633;21;11;65;sea;false;ocean;0
634;50;9;30;sea;false;ocean;0
635;1;12;14;sea;false;ocean;0
636;0;11;55;sea;false;ocean;0
637;36;5;58;sea;false;ocean;0
638;51;11;4;sea;false;ocean;0
639;10;42;46;sea;false;ocean;0
640;57;24;0;sea;false;ocean;0
641;2;41;26;sea;false;ocean;0
642;9;17;24;sea;false;ocean;0
643;64;14;13;sea;false;ocean;0
644;15;18;5;sea;false;ocean;0
645;32;8;42;sea;false;ocean;0
646;12;14;35;sea;false;ocean;0
647;26;37;7;sea;false;ocean;0
648;63;2;18;sea;false;ocean;0
649;61;32;2;sea;false;ocean;0
650;29;0;62;sea;false;ocean;0
651;17;61;1;sea;false;ocean;0
652;23;37;37;sea;false;ocean;0
653;49;20;20;sea;false;ocean;0
654;38;4;55;sea;false;ocean;0
655;83;3;4;sea;false;ocean;0
656;24;34;23;sea;false;ocean;0
657;13;50;17;sea;false;ocean;0
658;11;82;4;sea;false;ocean;0
659;41;0;49;sea;false;ocean;0
660;10;7;32;sea;false;ocean;0
661;5;0;10;sea;false;ocean;0
662;0;33;15;sea;false;ocean;0
663;1;0;32;sea;false;ocean;0
664;10;66;9;sea;false;ocean;0
665;15;0;58;sea;false;ocean;0
666;67;0;19;sea;false;ocean;0
667;12;9;7;sea;false;ocean;0
668;34;50;0;sea;false;ocean;0
669;5;12;54;sea;false;ocean;0
670;3;48;3;sea;false;ocean;0
671;22;27;14;sea;false;ocean;0
672;45;1;5;sea;false;ocean;0
673;7;12;1;sea;false;ocean;0
674;7;77;15;sea;false;ocean;0
675;11;76;3;sea;false;ocean;0
676;48;9;29;sea;false;ocean;0
677;47;9;15;sea;false;ocean;0
678;24;73;2;sea;false;ocean;0
679;16;18;54;sea;true;ocean;0
680;9;15;39;sea;false;ocean;0
681;24;27;13;sea;false;ocean;0
682;46;9;27;sea;true;ocean;0
683;27;36;23;sea;false;ocean;0
684;50;1;46;sea;false;ocean;0
685;21;12;43;sea;false;ocean;0
686;39;34;22;sea;false;ocean;0
687;9;14;49;sea;false;ocean;0
688;2;77;4;sea;false;ocean;0
689;33;46;7;sea;false;ocean;0
690;16;52;13;sea;false;ocean;0
691;7;23;38;sea;false;ocean;0
692;5;38;4;sea;false;ocean;0
693;21;62;8;sea;false;ocean;0
694;24;3;5;sea;false;ocean;0
695;27;20;16;sea;false;ocean;0
696;1;59;8;sea;false;ocean;0
697;29;58;7;sea;false;ocean;0
698;18;27;54;sea;false;ocean;0
699;5;13;42;sea;false;ocean;0
700;40;15;22;sea;false;ocean;0
701;34;0;19;sea;false;ocean;0
702;40;0;29;sea;false;ocean;0
703;20;8;56;sea;false;ocean;0
704;15;57;3;sea;false;ocean;0
705;47;32;7;sea;false;ocean;0
706;29;13;52;sea;false;ocean;0
707;33;48;17;sea;false;ocean;0
708;25;15;14;sea;false;ocean;0
709;12;22;21;sea;false;ocean;0
710;5;60;24;sea;false;ocean;0
711;17;14;10;sea;false;ocean;0
712;0;19;59;sea;false;ocean;0
713;43;6;14;sea;false;ocean;0
714;30;31;21;sea;false;ocean;0
715;25;31;31;sea;false;ocean;0
716;4;17;33;sea;false;ocean;0
717;28;20;19;sea;false;ocean;0
718;34;5;4;sea;false;ocean;0
719;82;10;2;sea;false;ocean;0
720;2;38;40;sea;false;ocean;0
721;22;27;32;sea;false;ocean;0
722;3;4;12;sea;false;ocean;0
723;7;55;16;sea;false;ocean;0
724;6;47;1;sea;false;ocean;0
725;0;7;9;sea;false;ocean;0
726;61;7;20;sea;true;ocean;0
727;6;40;1;sea;false;ocean;0
728;44;28;23;sea;false;ocean;0
729;12;75;5;sea;false;ocean;0
730;32;60;2;sea;false;ocean;0
731;41;16;24;sea;false;ocean;0
732;1;8;70;sea;false;ocean;0
733;84;9;3;sea;false;ocean;0
734;41;31;18;sea;false;ocean;0
735;9;31;20;sea;false;ocean;0
736;21;2;23;sea;false;ocean;0
737;32;25;37;sea;false;ocean;0
738;11;15;35;sea;false;ocean;0
739;65;4;6;sea;false;ocean;0
740;49;21;6;sea;false;ocean;0
741;20;0;73;sea;false;ocean;0
742;36;38;18;sea;false;ocean;0
743;10;0;5;sea;true;ocean;0
744;48;37;6;sea;false;ocean;0
745;17;42;5;sea;false;ocean;0
746;9;11;5;sea;false;ocean;0
747;28;21;23;sea;false;ocean;0
748;14;64;21;sea;false;ocean;0
749;75;14;7;sea;true;ocean;0
750;6;27;33;sea;false;ocean;0
751;10;6;80;sea;false;ocean;0
752;70;13;1;sea;false;ocean;0
753;27;0;68;sea;false;ocean;0
754;40;28;4;sea;true;ocean;0
755;7;19;65;sea;false;ocean;0
756;57;17;25;sea;false;ocean;0
757;42;0;32;sea;false;ocean;0
758;18;27;45;sea;false;ocean;0
759;32;10;17;sea;false;ocean;0
760;29;33;2;sea;false;ocean;0
761;18;51;6;sea;false;ocean;0
762;25;18;36;sea;false;ocean;0
763;19;29;14;sea;false;ocean;0
764;12;47;24;sea;false;ocean;0
765;8;33;49;sea;false;ocean;0
766;25;16;10;sea;false;ocean;0
767;39;5;22;sea;false;ocean;0
768;28;17;52;sea;false;ocean;0
769;29;0;70;sea;false;ocean;0
770;14;11;10;sea;false;ocean;0
771;13;6;73;sea;false;ocean;0
772;19;18;3;sea;false;ocean;0
773;27;29;19;sea;false;ocean;0
774;4;77;0;sea;false;ocean;0
775;19;44;10;sea;false;ocean;0
776;50;0;29;sea;false;ocean;0
777;19;52;7;sea;false;ocean;0
778;47;3;49;sea;false;ocean;0
779;21;27;3;sea;false;ocean;0
780;24;6;28;sea;false;ocean;0
781;23;1;23;sea;false;ocean;0
782;65;8;17;sea;false;ocean;0
783;49;1;39;sea;false;ocean;0
784;56;17;21;sea;false;ocean;0
785;39;10;35;sea;false;ocean;0
786;29;15;44;sea;false;ocean;0
787;32;57;9;sea;false;ocean;0
788;31;26;20;sea;false;ocean;0
789;40;8;22;sea;false;ocean;0
790;40;26;3;sea;false;ocean;0
791;3;18;65;sea;false;ocean;0
792;27;20;28;sea;false;ocean;0
793;13;12;55;sea;false;ocean;0
794;31;33;13;sea;false;ocean;0
795;6;24;52;sea;false;ocean;0
796;6;5;50;sea;false;ocean;0
797;24;25;23;sea;false;ocean;0
798;13;52;24;sea;false;ocean;0
799;13;1;4;sea;false;ocean;0
800;32;21;28;sea;false;ocean;0
801;24;13;34;sea;true;ocean;0
802;5;30;50;sea;false;ocean;0
803;21;2;29;sea;false;ocean;0
804;3;8;79;sea;true;ocean;0
805;34;2;0;sea;false;ocean;0
806;26;46;4;sea;false;ocean;0
807;24;24;47;sea;false;ocean;0
808;0;47;27;sea;false;ocean;0
809;59;0;35;sea;false;ocean;0
810;17;19;30;sea;false;ocean;0
811;4;78;3;sea;false;ocean;0
812;7;27;45;sea;false;ocean;0
813;19;20;45;sea;false;ocean;0
814;11;18;65;sea;false;ocean;0
815;19;19;36;sea;false;ocean;0
816;18;40;31;sea;false;ocean;0
817;46;26;23;sea;false;ocean;0
818;74;5;19;sea;false;ocean;0
819;1;6;17;sea;false;ocean;0
820;5;5;52;sea;false;ocean;0
821;50;14;28;sea;false;ocean;0
822;20;32;19;sea;false;ocean;0
823;32;5;38;sea;false;ocean;0
824;47;8;13;sea;false;ocean;0
825;11;1;19;sea;false;ocean;0
826;19;0;29;sea;false;ocean;0
827;48;6;5;sea;false;ocean;0
828;30;44;12;sea;false;ocean;0
829;50;1;8;sea;false;ocean;0
830;9;16;44;sea;false;ocean;0
831;8;9;51;sea;false;ocean;0
832;23;32;37;sea;false;ocean;0
833;33;19;44;sea;false;ocean;0
834;30;19;11;sea;false;ocean;0
835;14;1;22;sea;false;ocean;0
836;23;39;8;sea;false;ocean;0
837;29;35;27;sea;false;ocean;0
838;49;27;8;sea;false;ocean;0
839;5;56;12;sea;false;ocean;0
840;38;9;38;sea;false;ocean;0
841;64;12;12;sea;false;ocean;0
842;12;20;3;sea;false;ocean;0
843;34;34;17;sea;false;ocean;0
844;1;45;5;sea;false;ocean;0
845;19;35;0;sea;false;ocean;0
846;20;1;29;sea;false;ocean;0
847;37;22;15;sea;false;ocean;0
848;27;14;39;sea;false;ocean;0
849;1;1;88;sea;true;ocean;0
850;21;23;55;sea;false;ocean;0
851;20;10;30;sea;false;ocean;0
852;38;3;42;sea;false;ocean;0
853;36;10;17;sea;false;ocean;0
854;46;0;7;sea;false;ocean;0
855;32;34;6;sea;false;ocean;0
856;72;16;0;sea;false;ocean;0
857;28;66;1;sea;false;ocean;0
858;21;12;62;sea;false;ocean;0
859;3;84;1;sea;false;ocean;0
860;24;15;5;sea;false;ocean;0
861;28;40;28;sea;false;ocean;0
862;24;47;3;sea;false;ocean;0
863;74;10;3;sea;false;ocean;0
864;22;1;19;sea;false;ocean;0
865;72;1;20;sea;false;ocean;0
866;6;10;25;sea;false;ocean;0
867;52;26;12;sea;true;ocean;0
868;4;76;19;sea;false;ocean;0
869;35;16;17;sea;false;ocean;0
870;26;6;37;sea;false;ocean;0
871;4;0;75;sea;false;ocean;0
872;22;33;32;sea;false;ocean;0
873;12;10;45;sea;false;ocean;0
874;12;37;33;sea;false;ocean;0
875;27;31;23;sea;false;ocean;0
876;13;4;63;sea;false;ocean;0
877;5;13;81;sea;false;ocean;0
878;1;9;26;sea;false;ocean;0
879;48;9;42;sea;false;ocean;0
880;23;40;25;sea;false;ocean;0
881;23;57;2;sea;false;ocean;0
882;50;32;14;sea;false;ocean;0
883;48;1;13;sea;true;ocean;0
884;57;24;2;sea;false;ocean;0
885;65;18;12;sea;false;ocean;0
886;23;10;1;sea;false;ocean;0
887;52;0;9;sea;true;ocean;0
888;16;66;4;sea;false;ocean;0
889;64;15;17;sea;false;ocean;0
890;4;1;27;sea;false;ocean;0
891;26;2;13;sea;false;ocean;0
892;1;2;20;sea;false;ocean;0
893;21;3;0;sea;false;ocean;0
894;57;10;2;sea;false;ocean;0
895;7;24;32;sea;false;ocean;0
896;62;6;23;sea;false;ocean;0
897;36;5;14;sea;false;ocean;0
898;63;2;26;sea;false;ocean;0
899;6;66;6;sea;false;ocean;0
900;23;2;66;sea;false;ocean;0
901;54;15;7;sea;false;ocean;0
902;11;15;36;sea;true;ocean;0
903;24;11;11;sea;false;ocean;0
904;2;8;55;sea;false;ocean;0
905;25;10;42;sea;false;ocean;0
906;58;26;7;sea;false;ocean;0
907;5;15;75;sea;false;ocean;0
908;31;22;3;sea;false;ocean;0
909;78;5;14;sea;false;ocean;0
910;48;10;40;sea;false;ocean;0
911;15;82;0;sea;false;ocean;0
912;5;11;68;sea;true;ocean;0
913;4;36;53;sea;false;ocean;0
914;39;22;18;sea;false;ocean;0
915;17;25;48;sea;false;ocean;0
916;17;12;45;sea;false;ocean;0
917;5;57;5;sea;false;ocean;0
918;35;19;31;sea;false;ocean;0
919;12;44;0;sea;false;ocean;0
920;10;12;63;sea;false;ocean;0
921;59;5;20;sea;false;ocean;0
922;57;0;4;sea;false;ocean;0
923;6;21;8;sea;false;ocean;0
924;1;60;29;sea;false;ocean;0
925;51;23;9;sea;false;ocean;0
926;35;12;13;sea;true;ocean;0
927;16;21;8;sea;false;ocean;0
928;68;10;2;sea;true;ocean;0
929;11;3;80;sea;false;ocean;0
930;12;14;34;sea;false;ocean;0
931;34;58;2;sea;false;ocean;0
932;41;6;6;sea;false;ocean;0
933;27;56;2;sea;false;ocean;0
934;24;15;3;sea;false;ocean;0
935;19;12;46;sea;false;ocean;0
936;2;20;3;sea;false;ocean;0
937;26;18;23;sea;false;ocean;0
938;47;2;12;sea;false;ocean;0
939;3;61;29;sea;false;ocean;0
940;43;13;2;sea;false;ocean;0
941;36;0;48;sea;false;ocean;0
942;49;16;9;sea;false;ocean;0
943;52;39;3;sea;false;ocean;0
944;4;42;3;sea;false;ocean;0
945;7;43;5;sea;false;ocean;0
946;37;7;42;sea;false;ocean;0
947;20;76;2;sea;false;ocean;0
948;5;39;15;sea;true;ocean;0
949;40;8;36;sea;false;ocean;0
950;26;23;32;sea;false;ocean;0
951;13;35;46;sea;false;ocean;0
952;2;29;15;sea;false;ocean;0
953;12;6;77;sea;false;ocean;0
954;6;24;18;sea;false;ocean;0
955;42;3;16;sea;false;ocean;0
956;6;8;79;sea;false;ocean;0
957;8;40;9;sea;false;ocean;0
958;28;30;16;sea;false;ocean;0
959;68;21;5;sea;false;ocean;0
960;4;3;81;sea;false;ocean;0
961;44;35;10;sea;false;ocean;0
962;8;53;13;sea;false;ocean;0
963;19;33;33;sea;false;ocean;0
964;3;17;27;sea;false;ocean;0
965;29;24;13;sea;false;ocean;0
966;28;4;43;sea;false;ocean;0
967;21;24;41;sea;false;ocean;0
968;1;28;9;sea;false;ocean;0
969;24;36;17;sea;false;ocean;0
970;11;56;20;sea;false;ocean;0
971;44;0;11;sea;false;ocean;0
972;18;23;17;sea;false;ocean;0
973;31;35;2;sea;false;ocean;0
974;52;9;33;sea;false;ocean;0
975;22;25;52;sea;false;ocean;0
976;6;29;28;sea;false;ocean;0
977;27;64;8;sea;false;ocean;0
978;12;14;70;sea;false;ocean;0
979;5;51;30;sea;false;ocean;0
980;17;33;19;sea;false;ocean;0
981;27;10;20;sea;false;ocean;0
982;3;15;47;sea;false;ocean;0
983;3;19;47;sea;false;ocean;0
984;69;5;11;sea;false;ocean;0
985;7;64;25;sea;false;ocean;0
986;4;7;27;sea;false;ocean;0
987;8;27;19;sea;false;ocean;0
988;37;37;7;sea;false;ocean;0
989;26;44;19;sea;false;ocean;0
990;18;35;26;sea;false;ocean;0
991;51;48;0;sea;false;ocean;0
992;7;24;55;sea;false;ocean;0
993;60;29;10;sea;false;ocean;0
994;10;1;82;sea;false;ocean;0
995;25;0;46;sea;false;ocean;0
996;11;23;62;sea;false;ocean;0
997;17;7;43;sea;false;ocean;0
998;31;18;16;sea;false;ocean;0
999;31;57;8;sea;false;ocean;0
1000;70;2;17;sea;false;ocean;0
1001;6;22;9;sea;false;ocean;0
1002;11;8;63;sea;false;ocean;0
1003;21;46;12;sea;false;ocean;0
1004;11;21;7;sea;false;ocean;0
1005;3;24;70;sea;false;ocean;0
1006;0;21;65;sea;false;ocean;0
1007;22;44;19;sea;false;ocean;0
1008;5;74;11;sea;false;ocean;0
1009;18;14;48;sea;false;ocean;0
1010;15;10;48;sea;false;ocean;0
1011;27;20;0;sea;false;ocean;0
1012;55;13;5;sea;false;ocean;0
1013;36;16;38;sea;false;ocean;0
1014;0;0;34;sea;false;ocean;0
1015;4;31;31;sea;false;ocean;0
1016;13;36;32;sea;false;ocean;0
1017;13;17;54;sea;false;ocean;0
1018;4;17;0;sea;false;ocean;0
1019;67;18;9;sea;false;ocean;0
1020;44;0;47;sea;false;ocean;0
1021;23;74;0;sea;false;ocean;0
1022;23;18;8;sea;false;ocean;0
1023;38;0;34;sea;false;ocean;0
1024;11;54;10;sea;false;ocean;0
1025;60;20;17;sea;true;ocean;0
1026;1;13;19;sea;false;ocean;0
1027;19;31;26;sea;false;ocean;0
1028;14;9;43;sea;false;ocean;0
1029;18;29;9;sea;false;ocean;0
1030;27;7;25;sea;false;ocean;0
1031;0;20;79;sea;false;ocean;0
1032;6;49;7;sea;false;ocean;0
1033;30;31;33;sea;false;ocean;0
1034;14;1;10;sea;false;ocean;0
1035;3;73;0;sea;false;ocean;0
1036;68;7;4;sea;false;ocean;0
1037;6;12;45;sea;false;ocean;0
1038;37;1;3;sea;false;ocean;0
1039;18;50;23;sea;false;ocean;0
1040;4;11;20;sea;false;ocean;0
1041;18;20;4;sea;false;ocean;0
1042;6;75;3;sea;false;ocean;0
1043;30;0;11;sea;false;ocean;0
1044;10;18;9;sea;false;ocean;0
1045;13;52;18;sea;true;ocean;0
1046;25;35;30;sea;false;ocean;0
1047;21;41;18;sea;false;ocean;0
1048;4;36;35;sea;false;ocean;0
1049;73;2;0;sea;false;ocean;0
1050;19;49;8;sea;true;ocean;0
1051;9;7;77;sea;false;ocean;0
1052;4;14;15;sea;false;ocean;0
1053;40;35;1;sea;false;ocean;0
1054;9;24;20;sea;false;ocean;0
1055;47;38;8;sea;false;ocean;0
1056;32;1;34;sea;false;ocean;0
1057;54;19;7;sea;false;ocean;0
1058;25;6;21;sea;false;ocean;0
1059;50;5;2;sea;false;ocean;0
1060;42;37;17;sea;false;ocean;0
1061;42;32;18;sea;false;ocean;0
1062;52;34;13;sea;false;ocean;0
1063;15;4;5;sea;true;ocean;0
1064;5;28;44;sea;false;ocean;0
1065;19;48;5;sea;false;ocean;0
1066;8;81;6;sea;false;ocean;0
1067;16;4;39;sea;false;ocean;0
1068;28;31;29;sea;false;ocean;0
1069;31;6;32;sea;false;ocean;0
1070;13;51;33;sea;false;ocean;0
1071;34;15;37;sea;false;ocean;0
1072;4;62;28;sea;false;ocean;0
1073;45;13;40;sea;false;ocean;0
1074;24;21;52;sea;false;ocean;0
1075;38;37;22;sea;false;ocean;0
1076;33;2;44;sea;false;ocean;0
1077;12;19;20;sea;false;ocean;0
1078;36;41;18;sea;false;ocean;0
1079;35;11;48;sea;false;ocean;0
1080;4;54;10;sea;false;ocean;0
1081;11;17;56;sea;false;ocean;0
1082;51;8;28;sea;false;ocean;0
1083;13;45;8;sea;false;ocean;0
1084;6;5;34;sea;false;ocean;0
1085;20;6;15;sea;false;ocean;0
1086;43;22;5;sea;false;ocean;0
1087;17;68;1;sea;false;ocean;0
1088;35;14;49;sea;false;ocean;0
1089;2;52;44;sea;false;ocean;0
1090;12;83;1;sea;false;ocean;0
1091;15;45;18;sea;false;ocean;0
1092;60;25;0;sea;false;ocean;0
1093;15;51;28;sea;false;ocean;0
1094;9;39;26;sea;false;ocean;0
1095;41;3;29;sea;false;ocean;0
1096;25;28;4;sea;false;ocean;0
1097;30;41;26;sea;false;ocean;0
1098;13;21;2;sea;false;ocean;0
1099;72;22;3;sea;false;ocean;0
1100;28;26;20;sea;false;ocean;0
1101;18;69;12;sea;false;ocean;0
1102;14;40;19;sea;false;ocean;0
1103;16;31;39;sea;false;ocean;0
1104;20;50;17;sea;false;ocean;0
1105;15;68;14;sea;false;ocean;0
1106;25;5;35;sea;false;ocean;0
1107;69;7;23;sea;false;ocean;0
1108;63;11;13;sea;false;ocean;0
1109;15;27;40;sea;false;ocean;0
1110;16;44;9;sea;false;ocean;0
1111;47;47;2;sea;false;ocean;0
1112;6;26;8;sea;true;ocean;0
1113;18;49;23;sea;false;ocean;0
1114;56;1;2;sea;false;ocean;0
1115;66;16;11;sea;false;ocean;0
1116;13;42;5;sea;false;ocean;0
1117;19;53;27;sea;false;ocean;0
1118;71;13;2;sea;false;ocean;0
1119;22;16;60;sea;false;ocean;0
1120;33;0;5;sea;false;ocean;0
1121;8;13;50;sea;false;ocean;0
1122;15;18;50;sea;false;ocean;0
1123;14;14;43;sea;false;ocean;0
1124;18;2;31;sea;false;ocean;0
1125;27;41;27;sea;false;ocean;0
1126;2;36;44;sea;false;ocean;0
1127;11;4;47;sea;false;ocean;0
1128;16;22;48;sea;false;ocean;0
1129;12;13;18;sea;false;ocean;0
1130;42;26;27;sea;false;ocean;0
1131;22;2;13;sea;false;ocean;0
1132;45;31;0;sea;false;ocean;0
1133;12;58;13;sea;false;ocean;0
1134;19;59;13;sea;false;ocean;0
1135;20;42;32;sea;false;ocean;0
1136;5;51;9;sea;true;ocean;0
1137;7;38;21;sea;false;ocean;0
1138;33;28;38;sea;false;ocean;0
1139;27;2;65;sea;false;ocean;0
1140;2;23;64;sea;false;ocean;0
1141;8;21;41;sea;false;ocean;0
1142;5;30;24;sea;false;ocean;0
1143;7;15;41;sea;false;ocean;0
1144;9;2;14;sea;false;ocean;0
1145;34;9;51;sea;false;ocean;0
1146;8;19;23;sea;false;ocean;0
1147;0;4;22;sea;true;ocean;0
1148;8;44;37;sea;false;ocean;0
1149;8;52;30;sea;false;ocean;0
1150;10;4;0;sea;false;ocean;0
1151;80;2;6;sea;false;ocean;0
1152;54;3;20;sea;false;ocean;0
1153;26;12;54;sea;false;ocean;0
1154;21;30;15;sea;false;ocean;0
1155;52;2;20;sea;false;ocean;0
1156;12;40;44;sea;false;ocean;0
1157;11;24;1;sea;false;ocean;0
1158;15;2;58;sea;false;ocean;0
1159;28;11;38;sea;false;ocean;0
1160;11;1;58;sea;false;ocean;0
1161;5;61;12;sea;false;ocean;0
1162;9;36;4;sea;false;ocean;0
1163;13;12;47;sea;false;ocean;0
1164;0;52;31;sea;true;ocean;0
1165;25;6;41;sea;false;ocean;0
1166;28;28;33;sea;false;ocean;0
1167;32;52;3;sea;false;ocean;0
1168;9;51;0;sea;false;ocean;0
1169;52;7;10;sea;false;ocean;0
1170;10;11;16;sea;false;ocean;0
1171;32;45;22;sea;true;ocean;0
1172;7;52;4;sea;false;ocean;0
1173;19;38;25;sea;false;ocean;0
1174;19;18;49;sea;true;ocean;0
1175;18;10;13;sea;false;ocean;0
1176;26;39;4;sea;false;ocean;0
1177;14;24;16;sea;false;ocean;0
1178;38;8;7;sea;false;ocean;0
1179;31;2;30;sea;false;ocean;0
1180;13;5;62;sea;false;ocean;0
1181;7;29;39;sea;false;ocean;0
1182;11;19;44;sea;false;ocean;0
1183;22;41;7;sea;false;ocean;0
1184;28;41;2;sea;false;ocean;0
1185;18;12;52;sea;false;ocean;0
1186;7;4;64;sea;false;ocean;0
1187;43;18;25;sea;false;ocean;0
1188;46;7;39;sea;false;ocean;0
1189;17;2;35;sea;false;ocean;0
1190;9;8;72;sea;false;ocean;0
1191;21;50;22;sea;false;ocean;0
1192;15;20;54;sea;false;ocean;0
1193;21;41;30;sea;false;ocean;0
1194;32;25;31;sea;true;ocean;0
1195;12;24;44;sea;true;ocean;0
1196;0;62;30;sea;true;ocean;0
1197;17;52;4;sea;false;ocean;0
1198;3;27;9;sea;false;ocean;0
1199;45;31;18;sea;false;ocean;0
1200;43;39;5;sea;false;ocean;0
1201;59;6;14;sea;false;ocean;0
1202;3;71;7;sea;false;ocean;0
1203;10;17;2;sea;false;ocean;0
1204;23;33;24;sea;false;ocean;0
1205;7;77;11;sea;false;ocean;0
1206;2;17;65;sea;false;ocean;0
1207;23;41;11;sea;false;ocean;0
1208;35;14;22;sea;false;ocean;0
1209;42;6;17;sea;false;ocean;0
1210;38;14;12;sea;false;ocean;0
1211;4;27;50;sea;false;ocean;0
1212;47;28;6;sea;false;ocean;0
1213;60;17;17;sea;false;ocean;0
1214;28;33;21;sea;false;ocean;0
1215;41;36;20;sea;false;ocean;0
1216;43;20;20;sea;false;ocean;0
1217;57;3;27;sea;false;ocean;0
1218;35;36;13;sea;false;ocean;0
1219;24;4;4;sea;false;ocean;0
1220;11;46;19;sea;false;ocean;0
1221;5;37;31;sea;false;ocean;0
1222;32;22;32;sea;true;ocean;0
1223;37;21;8;sea;true;ocean;0
1224;25;12;0;sea;false;ocean;0
1225;71;1;10;sea;false;ocean;0
1226;46;20;22;sea;false;ocean;0
1227;56;1;34;sea;false;ocean;0
1228;27;1;19;sea;true;ocean;0
1229;13;22;30;sea;false;ocean;0
1230;39;0;12;sea;false;ocean;0
1231;33;23;11;sea;false;ocean;0
1232;17;19;29;sea;false;ocean;0
1233;0;12;53;sea;false;ocean;0
1234;29;52;11;sea;false;ocean;0
1235;16;64;15;sea;false;ocean;0
1236;2;15;59;sea;false;ocean;0
1237;10;11;34;sea;false;ocean;0
1238;29;59;7;sea;true;ocean;0
1239;21;14;52;sea;false;ocean;0
1240;15;14;55;sea;false;ocean;0
1241;10;12;31;sea;false;ocean;0
1242;9;18;4;sea;false;ocean;0
1243;7;25;62;sea;false;ocean;0
1244;15;58;20;sea;false;ocean;0
1245;29;9;48;sea;false;ocean;0
1246;24;9;42;sea;true;ocean;0
1247;20;6;73;sea;false;ocean;0
1248;29;14;23;sea;false;ocean;0
1249;29;20;50;sea;false;ocean;0
1250;29;35;25;sea;false;ocean;0
1251;78;4;13;sea;false;ocean;0
1252;37;13;47;sea;false;ocean;0
1253;64;0;31;sea;false;ocean;0
1254;7;30;9;sea;false;ocean;0
1255;52;3;17;sea;false;ocean;0
1256;22;59;13;sea;false;ocean;0
1257;2;1;3;sea;false;ocean;0
1258;15;19;3;sea;true;ocean;0
1259;17;50;25;sea;true;ocean;0
1260;15;31;30;sea;false;ocean;0
1261;5;83;8;sea;true;ocean;0
1262;24;21;41;sea;false;ocean;0
1263;28;3;36;sea;false;ocean;0
1264;74;2;10;sea;false;ocean;0
1265;35;27;25;sea;false;ocean;0
1266;9;16;54;sea;false;ocean;0
1267;17;28;16;sea;false;ocean;0
1268;15;1;45;sea;false;ocean;0
1269;43;26;6;sea;false;ocean;0
1270;3;33;51;sea;false;ocean;0
1271;4;43;14;sea;false;ocean;0
1272;84;7;6;sea;false;ocean;0
1273;42;43;10;sea;false;ocean;0
1274;23;62;3;sea;false;ocean;0
1275;75;20;1;sea;false;ocean;0
1276;18;59;5;sea;false;ocean;0
1277;8;1;55;sea;false;ocean;0
1278;27;57;10;sea;false;ocean;0
1279;22;6;62;sea;false;ocean;0
1280;78;15;6;sea;false;ocean;0
1281;11;37;44;sea;false;ocean;0
1282;18;25;3;sea;false;ocean;0
1283;44;9;1;sea;false;ocean;0
1284;5;44;41;sea;false;ocean;0
1285;53;36;7;sea;false;ocean;0
1286;15;18;42;sea;false;ocean;0
1287;73;11;15;sea;false;ocean;0
1288;55;35;9;sea;false;ocean;0
1289;10;45;4;sea;false;ocean;0
1290;0;11;82;sea;false;ocean;0
1291;15;1;49;sea;false;ocean;0
1292;55;3;2;sea;false;ocean;0
1293;23;18;34;sea;false;ocean;0
1294;29;6;21;sea;false;ocean;0
1295;71;0;27;sea;false;ocean;0
1296;8;34;23;sea;false;ocean;0
1297;4;32;14;sea;false;ocean;0
1298;10;17;54;sea;false;ocean;0
1299;3;31;54;sea;false;ocean;0
1300;46;24;6;sea;false;ocean;0
1301;2;52;35;sea;false;ocean;0
1302;67;15;11;sea;false;ocean;0
1303;48;7;13;sea;false;ocean;0
1304;16;31;21;sea;false;ocean;0
1305;32;1;1;sea;false;ocean;0
1306;3;27;30;sea;false;ocean;0
1307;44;18;36;sea;false;ocean;0
1308;9;29;5;sea;false;ocean;0
1309;18;8;34;sea;false;ocean;0
1310;56;17;1;sea;false;ocean;0
1311;77;7;6;sea;false;ocean;0
1312;40;1;6;sea;false;ocean;0
1313;22;3;13;sea;false;ocean;0
1314;3;12;79;sea;true;ocean;0
1315;34;10;20;sea;false;ocean;0
1316;22;59;11;sea;false;ocean;0
1317;6;7;40;sea;false;ocean;0
1318;12;14;24;sea;false;ocean;0
1319;34;25;26;sea;false;ocean;0
1320;6;8;35;sea;true;ocean;0
1321;60;9;12;sea;true;ocean;0
1322;53;26;6;sea;false;ocean;0
1323;56;8;10;sea;false;ocean;0
1324;35;2;56;sea;false;ocean;0
1325;45;15;12;sea;false;ocean;0
1326;8;36;8;sea;false;ocean;0
1327;19;33;40;sea;false;ocean;0
1328;33;35;30;sea;false;ocean;0
1329;18;10;70;sea;false;ocean;0
1330;4;10;81;sea;false;ocean;0
1331;3;28;38;sea;false;ocean;0
1332;33;36;16;sea;false;ocean;0
1333;11;3;47;sea;false;ocean;0
1334;10;79;0;sea;false;ocean;0
1335;29;68;0;sea;false;ocean;0
1336;4;18;5;sea;false;ocean;0
1337;48;8;14;sea;false;ocean;0
1338;33;11;18;sea;false;ocean;0
1339;29;26;34;sea;false;ocean;0
1340;7;15;40;sea;false;ocean;0
1341;7;22;60;sea;false;ocean;0
1342;33;2;4;sea;false;ocean;0
1343;30;54;12;sea;false;ocean;0
1344;35;20;29;sea;false;ocean;0
1345;45;15;20;sea;false;ocean;0
1346;42;2;55;sea;false;ocean;0
1347;16;26;37;sea;true;ocean;0
1348;13;66;19;sea;false;ocean;0
1349;21;53;25;sea;false;ocean;0
1350;1;98;0;sea;false;ocean;0
1351;21;17;41;sea;false;ocean;0
1352;1;10;38;sea;false;ocean;0
1353;53;14;23;sea;false;ocean;0
1354;38;9;24;sea;true;ocean;0
1355;25;58;1;sea;true;ocean;0
1356;14;16;3;sea;false;ocean;0
1357;6;54;38;sea;false;ocean;0
1358;62;26;4;sea;false;ocean;0
1359;3;56;24;sea;false;ocean;0
1360;31;36;13;sea;false;ocean;0
1361;18;35;45;sea;false;ocean;0
1362;27;57;12;sea;false;ocean;0
1363;39;17;1;sea;false;ocean;0
1364;37;34;13;sea;false;ocean;0
1365;40;27;21;sea;false;ocean;0
1366;17;65;5;sea;false;ocean;0
1367;44;10;1;sea;false;ocean;0
1368;32;20;31;sea;false;ocean;0
1369;18;52;15;sea;false;ocean;0
1370;23;15;3;sea;false;ocean;0
1371;7;23;14;sea;false;ocean;0
1372;26;53;19;sea;false;ocean;0
1373;19;30;17;sea;false;ocean;0
1374;6;52;11;sea;false;ocean;0
1375;2;77;17;sea;false;ocean;0
1376;38;42;16;sea;false;ocean;0
1377;63;12;18;sea;false;ocean;0
1378;57;1;4;sea;false;ocean;0
1379;0;23;27;sea;false;ocean;0
1380;44;0;29;sea;false;ocean;0
1381;62;23;3;sea;false;ocean;0
1382;2;17;8;sea;false;ocean;0
1383;43;30;2;sea;false;ocean;0
1384;51;28;0;sea;false;ocean;0
1385;6;24;44;sea;false;ocean;0
1386;0;20;71;sea;false;ocean;0
1387;12;39;33;sea;false;ocean;0
1388;56;10;6;sea;false;ocean;0
1389;30;42;10;sea;false;ocean;0
1390;1;29;40;sea;false;ocean;0
1391;5;38;14;sea;false;ocean;0
1392;23;4;32;sea;false;ocean;0
1393;46;12;15;sea;false;ocean;0
1394;6;70;7;sea;false;ocean;0
1395;19;37;3;sea;false;ocean;0
1396;4;37;50;sea;false;ocean;0
1397;1;0;45;sea;false;ocean;0
1398;9;54;17;sea;false;ocean;0
1399;41;28;14;sea;true;ocean;0
1400;27;0;67;sea;false;ocean;0
1401;40;23;17;sea;false;ocean;0
1402;33;16;24;sea;false;ocean;0
1403;63;6;16;sea;false;ocean;0
1404;21;31;31;sea;false;ocean;0
1405;0;28;21;sea;false;ocean;0
1406;4;62;12;sea;false;ocean;0
1407;35;4;35;sea;false;ocean;0
1408;38;21;22;sea;false;ocean;0
1409;16;46;29;sea;false;ocean;0
1410;40;25;6;sea;false;ocean;0
1411;24;27;26;sea;false;ocean;0
1412;4;24;62;sea;false;ocean;0
1413;46;11;29;sea;false;ocean;0
1414;19;4;58;sea;false;ocean;0
1415;6;10;70;sea;false;ocean;0
1416;54;18;5;sea;false;ocean;0
1417;7;51;1;sea;false;ocean;0
1418;31;43;0;sea;false;ocean;0
1419;61;4;22;sea;false;ocean;0
1420;0;34;24;sea;false;ocean;0
1421;19;23;56;sea;false;ocean;0
1422;48;5;31;sea;true;ocean;0
1423;65;6;6;sea;false;ocean;0
1424;20;11;6;sea;false;ocean;0
1425;48;35;9;sea;false;ocean;0
1426;4;64;24;sea;false;ocean;0
1427;16;26;21;sea;false;ocean;0
1428;17;36;38;sea;false;ocean;0
1429;22;41;23;sea;false;ocean;0
1430;39;16;28;sea;false;ocean;0
1431;61;8;9;sea;false;ocean;0
1432;41;0;48;sea;false;ocean;0
1433;19;30;33;sea;false;ocean;0
1434;9;14;53;sea;true;ocean;0
1435;17;28;32;sea;false;ocean;0
1436;17;72;0;sea;false;ocean;0
1437;14;31;2;sea;false;ocean;0
1438;9;22;67;sea;false;ocean;0
1439;18;60;18;sea;false;ocean;0
1440;6;44;47;sea;false;ocean;0
1441;9;52;17;sea;false;ocean;0
1442;14;47;1;sea;false;ocean;0
1443;3;47;27;sea;false;ocean;0
1444;25;12;6;sea;false;ocean;0
1445;26;6;60;sea;true;ocean;0
1446;7;19;51;sea;false;ocean;0
1447;48;36;1;sea;false;ocean;0
1448;14;5;14;sea;true;ocean;0
1449;36;25;22;sea;true;ocean;0
1450;12;17;45;sea;false;ocean;0
1451;10;37;28;sea;false;ocean;0
1452;43;26;20;sea;false;ocean;0
1453;18;40;5;sea;false;ocean;0
1454;8;0;79;sea;false;ocean;0
1455;40;33;0;sea;false;ocean;0
1456;1;34;22;sea;false;ocean;0
1457;2;60;3;sea;true;ocean;0
1458;42;13;15;sea;false;ocean;0
1459;36;35;23;sea;false;ocean;0
1460;46;51;1;sea;false;ocean;0
1461;48;37;11;sea;false;ocean;0
1462;3;14;71;sea;false;ocean;0
1463;14;44;31;sea;false;ocean;0
1464;13;5;50;sea;false;ocean;0
1465;8;62;28;sea;true;ocean;0
1466;53;23;15;sea;false;ocean;0
1467;5;28;36;sea;false;ocean;0
1468;9;31;4;sea;false;ocean;0
1469;35;13;50;sea;false;ocean;0
1470;26;3;68;sea;false;ocean;0
1471;43;1;40;sea;false;ocean;0
1472;25;33;26;sea;false;ocean;0
1473;15;6;58;sea;false;ocean;0
1474;18;53;28;sea;true;ocean;0
1475;20;10;27;sea;false;ocean;0
1476;16;34;15;sea;false;ocean;0
1477;21;54;9;sea;false;ocean;0
1478;23;7;6;sea;false;ocean;0
1479;4;2;77;sea;false;ocean;0
1480;12;19;39;sea;false;ocean;0
1481;32;9;34;sea;false;ocean;0
1482;28;39;13;sea;false;ocean;0
1483;41;12;40;sea;false;ocean;0
1484;56;19;18;sea;true;ocean;0
1485;8;52;27;sea;false;ocean;0
1486;24;44;30;sea;true;ocean;0
1487;1;34;2;sea;false;ocean;0
1488;5;48;42;sea;false;ocean;0
1489;40;11;20;sea;false;ocean;0
1490;29;37;1;sea;false;ocean;0
1491;19;50;3;sea;false;ocean;0
1492;33;16;5;sea;false;ocean;0
1493;56;12;8;sea;false;ocean;0
1494;48;44;7;sea;false;ocean;0
1495;27;50;6;sea;false;ocean;0
1496;61;9;14;sea;false;ocean;0
1497;8;38;5;sea;true;ocean;0
1498;3;1;23;sea;false;ocean;0
1499;17;29;52;sea;false;ocean;0
1500;25;16;33;sea;false;ocean;0
1501;7;2;49;sea;true;ocean;0
1502;24;4;62;sea;true;ocean;0
1503;0;69;4;sea;false;ocean;0
1504;6;56;13;sea;false;ocean;0
1505;43;16;13;sea;true;ocean;0
1506;81;0;18;sea;false;ocean;0
1507;53;8;31;sea;false;ocean;0
1508;4;37;20;sea;false;ocean;0
1509;40;11;42;sea;false;ocean;0
1510;12;16;8;sea;false;ocean;0
1511;23;33;28;sea;false;ocean;0
1512;0;27;27;sea;false;ocean;0
1513;18;44;22;sea;false;ocean;0
1514;33;38;14;sea;false;ocean;0
1515;1;84;10;sea;false;ocean;0
1516;11;11;29;sea;false;ocean;0
1517;36;3;42;sea;false;ocean;0
1518;14;57;15;sea;false;ocean;0
1519;22;16;34;sea;false;ocean;0
1520;29;2;23;sea;false;ocean;0
1521;16;22;4;sea;true;ocean;0
1522;58;19;16;sea;false;ocean;0
1523;15;49;23;sea;true;ocean;0
1524;21;15;36;sea;true;ocean;0
1525;35;28;13;sea;true;ocean;0
1526;21;18;8;sea;false;ocean;0
1527;14;2;66;sea;false;ocean;0
1528;51;0;9;sea;false;ocean;0
1529;9;78;0;sea;true;ocean;0
1530;78;12;2;sea;false;ocean;0
1531;16;27;40;sea;false;ocean;0
1532;51;47;1;sea;false;ocean;0
1533;1;17;16;sea;false;ocean;0
1534;3;59;31;sea;false;ocean;0
1535;13;34;5;sea;false;ocean;0
1536;17;65;9;sea;false;ocean;0
1537;26;35;4;sea;false;ocean;0
1538;24;22;31;sea;false;ocean;0
1539;36;21;21;sea;true;ocean;0
1540;8;28;36;sea;true;ocean;0
1541;6;59;2;sea;false;ocean;0
1542;58;4;5;sea;false;ocean;0
1543;49;14;34;sea;false;ocean;0
1544;27;10;47;sea;false;ocean;0
1545;0;5;16;sea;false;ocean;0
1546;8;24;17;sea;true;ocean;0
1547;20;2;70;sea;false;ocean;0
1548;11;12;34;sea;false;ocean;0
1549;11;64;5;sea;false;ocean;0
1550;54;6;0;sea;false;ocean;0
1551;13;11;35;sea;false;ocean;0
1552;15;30;29;sea;false;ocean;0
1553;14;21;35;sea;false;ocean;0
1554;1;6;50;sea;false;ocean;0
1555;35;7;6;sea;false;ocean;0
1556;2;26;55;sea;false;ocean;0
1557;1;87;4;sea;false;ocean;0
1558;19;5;20;sea;false;ocean;0
1559;71;10;12;sea;true;ocean;0
1560;66;10;1;sea;false;ocean;0
1561;13;16;22;sea;false;ocean;0
1562;61;18;9;sea;false;ocean;0
1563;94;0;5;sea;false;ocean;0
1564;9;7;17;sea;false;ocean;0
1565;37;4;52;sea;false;ocean;0
1566;31;9;41;sea;false;ocean;0
1567;50;18;7;sea;false;ocean;0
1568;4;61;22;sea;false;ocean;0
1569;39;3;1;sea;false;ocean;0
1570;24;6;64;sea;false;ocean;0
1571;0;6;71;sea;false;ocean;0
1572;16;57;18;sea;false;ocean;0
1573;12;20;29;sea;false;ocean;0
1574;22;30;22;sea;false;ocean;0
1575;11;0;72;sea;false;ocean;0
1576;3;46;49;sea;false;ocean;0
1577;28;9;10;sea;false;ocean;0
1578;27;28;7;sea;false;ocean;0
1579;2;5;1;sea;false;ocean;0
1580;31;14;44;sea;false;ocean;0
1581;13;9;40;sea;false;ocean;0
1582;38;15;21;sea;false;ocean;0
1583;22;26;13;sea;false;ocean;0
1584;10;47;22;sea;false;ocean;0
1585;16;60;0;sea;false;ocean;0
1586;5;17;71;sea;true;ocean;0
1587;0;7;50;sea;false;ocean;0
1588;23;34;26;sea;false;ocean;0
1589;21;54;21;sea;false;ocean;0
1590;5;78;1;sea;false;ocean;0
1591;64;8;23;sea;true;ocean;0
1592;48;4;1;sea;false;ocean;0
1593;49;9;13;sea;false;ocean;0
1594;11;41;20;sea;false;ocean;0
1595;47;22;3;sea;false;ocean;0
1596;18;7;57;sea;false;ocean;0
1597;64;8;27;sea;false;ocean;0
1598;26;57;7;sea;false;ocean;0
1599;15;9;5;sea;false;ocean;0
1600;0;36;48;sea;true;ocean;0
1601;11;3;67;sea;false;ocean;0
1602;6;3;28;sea;true;ocean;0
1603;14;29;35;sea;false;ocean;0
1604;9;22;34;sea;false;ocean;0
1605;42;2;21;sea;false;ocean;0
1606;3;79;3;sea;true;ocean;0
1607;50;18;22;sea;false;ocean;0
1608;2;24;18;sea;false;ocean;0
1609;71;22;0;sea;false;ocean;0
1610;16;66;10;sea;false;ocean;0
1611;2;7;53;sea;false;ocean;0
1612;49;8;2;sea;false;ocean;0
1613;7;46;31;sea;false;ocean;0
1614;37;4;42;sea;false;ocean;0
1615;15;19;60;sea;false;ocean;0
1616;22;27;8;sea;false;ocean;0
1617;3;70;2;sea;false;ocean;0
1618;13;33;53;sea;false;ocean;0
1619;18;46;7;sea;false;ocean;0
1620;40;18;17;sea;false;ocean;0
1621;36;3;38;sea;false;ocean;0
1622;9;4;1;sea;false;ocean;0
1623;35;4;27;sea;false;ocean;0
1624;28;32;37;sea;false;ocean;0
1625;0;32;41;sea;false;ocean;0
1626;21;22;21;sea;false;ocean;0
1627;5;55;34;sea;false;ocean;0
1628;32;16;38;sea;false;ocean;0
1629;7;32;43;sea;true;ocean;0
1630;15;7;53;sea;false;ocean;0
1631;9;50;36;sea;false;ocean;0
1632;35;4;10;sea;false;ocean;0
1633;0;43;52;sea;false;ocean;0
1634;30;34;0;sea;false;ocean;0
1635;10;35;45;sea;false;ocean;0
1636;51;11;3;sea;false;ocean;0
1637;20;12;26;sea;false;ocean;0
1638;3;72;19;sea;false;ocean;0
1639;14;3;41;sea;false;ocean;0
1640;27;40;6;sea;false;ocean;0
1641;8;4;86;sea;false;ocean;0
1642;15;46;13;sea;false;ocean;0
1643;6;18;41;sea;false;ocean;0
1644;33;30;28;sea;false;ocean;0
1645;33;20;15;sea;false;ocean;0
1646;16;26;10;sea;true;ocean;0
1647;20;12;35;sea;false;ocean;0
1648;28;2;30;sea;false;ocean;0
1649;7;13;34;sea;false;ocean;0
1650;63;22;0;sea;false;ocean;0
1651;7;46;21;sea;false;ocean;0
1652;30;21;2;sea;false;ocean;0
1653;21;30;36;sea;false;ocean;0
1654;3;60;13;sea;false;ocean;0
1655;7;6;15;sea;false;ocean;0
1656;30;16;0;sea;false;ocean;0
1657;7;20;17;sea;false;ocean;0
1658;25;7;10;sea;false;ocean;0
1659;2;50;20;sea;false;ocean;0
1660;14;42;43;sea;false;ocean;0
1661;30;12;56;sea;false;ocean;0
1662;37;1;61;sea;false;ocean;0
1663;16;30;20;sea;false;ocean;0
1664;10;19;69;sea;false;ocean;0
1665;10;44;33;sea;false;ocean;0
1666;13;3;69;sea;false;ocean;0
1667;53;8;15;sea;false;ocean;0
1668;32;34;16;sea;false;ocean;0
1669;6;54;20;sea;false;ocean;0
1670;67;9;6;sea;false;ocean;0
1671;5;8;73;sea;false;ocean;0
1672;40;21;25;sea;false;ocean;0
1673;15;27;5;sea;false;ocean;0
1674;11;1;15;sea;false;ocean;0
1675;16;28;16;sea;false;ocean;0
1676;9;32;41;sea;false;ocean;0
1677;36;48;10;sea;false;ocean;0
1678;14;30;0;sea;false;ocean;0
1679;1;21;71;sea;false;ocean;0
1680;39;16;20;sea;false;ocean;0
1681;43;3;3;sea;false;ocean;0
1682;20;47;13;sea;true;ocean;0
1683;17;31;17;sea;false;ocean;0
1684;27;13;14;sea;false;ocean;0
1685;62;0;7;sea;false;ocean;0
1686;12;27;10;sea;false;ocean;0
1687;51;29;16;sea;false;ocean;0
1688;42;3;22;sea;false;ocean;0
1689;29;24;10;sea;true;ocean;0
1690;11;10;39;sea;false;ocean;0
1691;31;19;4;sea;false;ocean;0
1692;6;15;64;sea;false;ocean;0
1693;23;7;19;sea;false;ocean;0
1694;36;1;12;sea;false;ocean;0
1695;31;41;25;sea;false;ocean;0
1696;25;47;4;sea;false;ocean;0
1697;64;1;3;sea;false;ocean;0
1698;8;49;40;sea;true;ocean;0
1699;18;57;3;sea;false;ocean;0
1700;7;0;33;sea;false;ocean;0
1701;43;17;32;sea;false;ocean;0
1702;21;22;45;sea;true;ocean;0
1703;16;30;17;sea;false;ocean;0
1704;64;4;27;sea;true;ocean;0
1705;5;8;11;sea;false;ocean;0
1706;53;3;25;sea;false;ocean;0
1707;0;17;71;sea;false;ocean;0
1708;31;26;40;sea;false;ocean;0
1709;23;41;29;sea;false;ocean;0
1710;6;50;36;sea;false;ocean;0
1711;76;22;0;sea;false;ocean;0
1712;28;27;43;sea;false;ocean;0
1713;0;44;6;sea;false;ocean;0
1714;8;12;13;sea;false;ocean;0
1715;41;11;2;sea;false;ocean;0
1716;16;65;0;sea;false;ocean;0
1717;20;52;5;sea;false;ocean;0
1718;1;48;31;sea;false;ocean;0
1719;10;21;67;sea;false;ocean;0
1720;59;33;2;sea;false;ocean;0
1721;5;52;23;sea;false;ocean;0
1722;15;0;3;sea;false;ocean;0
1723;25;4;5;sea;false;ocean;0
1724;25;45;10;sea;false;ocean;0
1725;45;15;23;sea;false;ocean;0
1726;2;10;78;sea;false;ocean;0
1727;44;17;11;sea;false;ocean;0
1728;37;5;15;sea;false;ocean;0
1729;17;24;43;sea;false;ocean;0
1730;26;33;30;sea;false;ocean;0
1731;39;8;37;sea;false;ocean;0
1732;49;33;54;lake;false;lakes;0
1733;30;109;5;lake;false;lakes;0
1734;9;14;78;lake;false;lakes;0
1735;3;60;45;lake;false;lakes;0
1736;40;10;74;lake;false;lakes;0
1737;67;19;42;lake;false;lakes;0
1738;42;17;50;lake;false;lakes;0
1739;80;15;25;lake;false;lakes;0
1740;19;75;51;lake;false;lakes;0
1741;47;21;63;lake;false;lakes;0
1742;19;100;19;lake;false;lakes;0
1743;78;41;4;lake;false;lakes;0
1744;40;72;33;lake;false;lakes;0
